<?xml version="1.0" encoding="UTF-8" standalone="yes"?>
<PopulateCache name="Cache-Put-GCP-Token">
    <!--<CacheResource>cache1</CacheResource>-->
    <Scope>Application</Scope>
    <Source>GCP.newtoken</Source>
    <CacheKey>
        <!-- <Prefix>GCP.token</Prefix> -->
        <KeyFragment>GCP.token</KeyFragment>
        <!-- <KeyFragment ref='variable.containing.keyfrag' /> -->
    </CacheKey>
    <ExpirySettings>
        <TimeoutInSec>3540</TimeoutInSec>
        <!-- appears in hybrid you can't have a ref and a default value. Also the decimal value calculated by the JS is rejected -->
        <!--<TimeoutInSec ref="GCP.expires_in"/>-->
        <!-- 3540 = 3600-60 = default ttl -->
    </ExpirySettings>
</PopulateCache>