<SharedFlowBundle revision="2" name="gcp-auth-v2">
    <DisplayName>gcp-auth</DisplayName>
    <Description></Description>
    <CreatedAt>1695861712108</CreatedAt>
    <LastModifiedAt>1695861712108</LastModifiedAt>
    <Policies>
        <Policy>Extract-GCP-AccessToken</Policy>
        <Policy>Cache-Put-GCP-Token</Policy>
        <Policy>JS-Adjust-Expiry</Policy>
        <Policy>Cache-Get-GCP-Token</Policy>
        <Policy>KVM-Get-GCP-PrivateKey</Policy>
        <Policy>AM-Set-GCP-Token</Policy>
        <Policy>KVM-Get-GCP-Settings</Policy>
        <Policy>SC-Obtain-GCP-AccessToken</Policy>
        <Policy>Generate-JWT</Policy>
        <Policy>RF-No-AccessToken</Policy>
    </Policies>
    <Resources>
        <Resource>jsc://adjust-Expiry.js</Resource>
    </Resources>
    <SharedFlows>
        <SharedFlow>default</SharedFlow>
    </SharedFlows>
    <subType>SharedFlow</subType>
</SharedFlowBundle>